fips,income_per_capita_2018
1001,41618
1003,45596
1005,35199
1007,30254
1009,34976
1011,28797
1013,36450
1015,37120
1017,33859
1019,35505
1021,34798
1023,39280
1025,36361
1027,33530
1029,36159
1031,43094
1033,38378
1035,32656
1037,31328
1039,35651
1041,36645
1043,39607
1045,36613
1047,36026
1049,31916
1051,42269
1053,32996
1055,36918
1057,34966
1059,34318
1061,35192
1063,32359
1065,36585
1067,40360
1069,42398
1071,36567
1073,54730
1075,33496
1077,37151
1079,34125
1081,38036
1083,42546
1085,38991
1087,32919
1089,51445
1091,39801
1093,33264
1095,36044
1097,38243
1099,33456
1101,43688
1103,39991
1105,30535
1107,32551
1109,37359
1111,32411
1113,33104
1115,38569
1117,54369
1119,31664
1121,34718
1123,40696
1125,38822
1127,40197
1129,36323
1131,32215
1133,35430
2013,56676
2016,54385
2020,66510
2050,43500
2060,143575
2068,82919
2070,59621
2090,56606
2100,67059
2105,61752
2110,68145
2122,52015
2130,67602
2150,63938
2158,30099
2164,65414
2170,45897
2180,51378
2185,83489
2188,47854
2195,69995
2198,43707
2220,71972
2230,81471
2240,49398
2261,62307
2275,47658
2282,58937
2290,59010
4001,34355
4003,40308
4005,48129
4007,40267
4009,31597
4011,39855
4012,30948
4013,47694
4015,33148
4017,32165
4019,44028
4021,30644
4023,39057
4025,40312
4027,35682
5001,45290
5003,34813
5005,37106
5007,88890
5009,36089
5011,39491
5013,34426
5015,33690
5017,36293
5019,36314
5021,34149
5023,38307
5025,40344
5027,38749
5029,38191
5031,37531
5033,32952
5035,36978
5037,35949
5039,34645
5041,37828
5043,37148
5045,37598
5047,34275
5049,28994
5051,40004
5053,38201
5055,34895
5057,32515
5059,30580
5061,35292
5063,35086
5065,30608
5067,35880
5069,35356
5071,28970
5073,36292
5075,35126
5077,27619
5079,27002
5081,34086
5083,34490
5085,38764
5087,35496
5089,30743
5091,33401
5093,31428
5095,32651
5097,30834
5099,34180
5101,28808
5103,36907
5105,34877
5107,31128
5109,33113
5111,32315
5113,30751
5115,35261
5117,35935
5119,51185
5121,33486
5123,27948
5125,41397
5127,31401
5129,28511
5131,42110
5133,31436
5135,32012
5137,31086
5139,46474
5141,31176
5143,40247
5145,35445
5147,37545
5149,33320
6001,76644
6003,73307
6005,44793
6007,44346
6009,49893
6011,49094
6013,82506
6015,37268
6017,67464
6019,43084
6021,48613
6023,48739
6025,36974
6027,61358
6029,39703
6031,35306
6033,43185
6035,37844
6037,62224
6039,39897
6041,134275
6043,53143
6045,50150
6047,38519
6049,44822
6051,51325
6053,56193
6055,74984
6057,61799
6059,69268
6061,66700
6063,53599
6065,40637
6067,52544
6069,53822
6071,40316
6073,61386
6075,130696
6077,44995
6079,58491
6081,126392
6083,62690
6085,107877
6087,69355
6089,46582
6091,46615
6093,45065
6095,51664
6097,64501
6099,44120
6101,44535
6103,42483
6105,40640
6107,40420
6109,47838
6111,61712
6113,54118
6115,40929
8001,43315
8003,37351
8005,60180
8007,41947
8009,40968
8011,27574
8013,73394
8014,66410
8015,46998
8017,56699
8019,61300
8021,36894
8023,34282
8025,19141
8027,41681
8029,38855
8031,79849
8033,34935
8035,73662
8037,78152
8039,57334
8041,48467
8043,35435
8045,59653
8047,48128
8049,49845
8051,47149
8053,50698
8055,42459
8057,49723
8059,63536
8061,50117
8063,37274
8065,37106
8067,55807
8069,54188
8071,40765
8073,28828
8075,48161
8077,44935
8079,71095
8081,42130
8083,42998
8085,39930
8087,45685
8089,38190
8091,59639
8093,45113
8095,44399
8097,149207
8099,42259
8101,39511
8103,46809
8105,46717
8107,83702
8109,30172
8111,44029
8113,85432
8115,49004
8117,67763
8119,49197
8121,44687
8123,46172
8125,50364
9001,120630
9003,64853
9005,64949
9007,68673
9009,56650
9011,59264
9013,56614
9015,47264
10001,42023
10003,56745
10005,50333
11001,82005
12001,44390
12003,32313
12005,43231
12007,33557
12009,45425
12011,50269
12013,26873
12015,41564
12017,37920
12019,42909
12021,92686
12023,35074
12027,23610
12029,27956
12031,46174
12033,42537
12035,46220
12037,35988
12039,35139
12041,33774
12043,24467
12045,35701
12047,26016
12049,28285
12051,31071
12053,36878
12055,33453
12057,47000
12059,30468
12061,76059
12063,32106
12065,40736
12067,24148
12069,42190
12071,51266
12073,44482
12075,35204
12077,23582
12079,31675
12081,47378
12083,36997
12085,83873
12086,50022
12087,92119
12089,57877
12091,48875
12093,30661
12095,44647
12097,33346
12099,79760
12101,40313
12103,53455
12105,35463
12107,31773
12109,68149
12111,39374
12113,44527
12115,64868
12117,49049
12119,46100
12121,33068
12123,30346
12125,22227
12127,42374
12129,37026
12131,59728
12133,29414
13001,33268
13003,30511
13005,33080
13007,38666
13009,33203
13011,36276
13013,36898
13015,38298
13017,31436
13019,31535
13021,41709
13023,33672
13025,27413
13027,34944
13029,52456
13031,32382
13033,35524
13035,34297
13037,24638
13039,36113
13043,31385
13045,38571
13047,35158
13049,24976
13051,47563
13053,31115
13055,30946
13057,51137
13059,33970
13061,31520
13063,28020
13065,37548
13067,57162
13069,32644
13071,32526
13073,49473
13075,32524
13077,46438
13079,33784
13081,32540
13083,35640
13085,45201
13087,36150
13089,50871
13091,30682
13093,28297
13095,34744
13097,35230
13099,38945
13101,27880
13103,41942
13105,35448
13107,32187
13109,35212
13111,35727
13113,63515
13115,38524
13117,62580
13119,36672
13121,84386
13123,35419
13125,33931
13127,46073
13129,36947
13131,34899
13133,55396
13135,41458
13137,33925
13139,43701
13141,29917
13143,36508
13145,47469
13147,38125
13149,31144
13151,39184
13153,42625
13155,32824
13157,42211
13159,40606
13161,29943
13163,34034
13165,29250
13167,26195
13169,37618
13171,33079
13173,27561
13175,37372
13177,47258
13179,35805
13181,37333
13183,27071
13185,37443
13187,37427
13189,36982
13191,29519
13193,31028
13195,36557
13197,29333
13199,34847
13201,40826
13205,35069
13207,44790
13209,29408
13211,50541
13213,29968
13215,44149
13217,33750
13219,66740
13221,37709
13223,37727
13225,38066
13227,47887
13229,36065
13231,39851
13233,32368
13235,30358
13237,41839
13239,30902
13241,41128
13243,33238
13245,38196
13247,35244
13249,30931
13251,35010
13253,40217
13255,34772
13257,38915
13259,22771
13261,35847
13263,34504
13265,33927
13267,28406
13269,30141
13271,20923
13273,40325
13275,44355
13277,37805
13279,35517
13281,37858
13283,30119
13285,36476
13287,34396
13289,39530
13291,36581
13293,35133
13295,32826
13297,40458
13299,33906
13301,34598
13303,35296
13305,31954
13307,33109
13309,19631
13311,34961
13313,38752
13315,26712
13317,39472
13319,35204
13321,34380
15001,42449
15003,59608
15007,49416
15901,49040
16001,52958
16003,37452
16005,38160
16007,38493
16009,37383
16011,36335
16013,113780
16015,43392
16017,41209
16019,48287
16021,36934
16023,38961
16025,38600
16027,32680
16029,39146
16031,45220
16033,39408
16035,34506
16037,43185
16039,36855
16041,36064
16043,36908
16045,37796
16047,52875
16049,35122
16051,34900
16053,38184
16055,44987
16057,41341
16059,41565
16061,47267
16063,34821
16065,26407
16067,38159
16069,44397
16071,35234
16073,33372
16075,38933
16077,36667
16079,35537
16081,39858
16083,39623
16085,49630
16087,36225
17001,46886
17003,34713
17005,37653
17007,47437
17009,35166
17011,43931
17013,42511
17015,42399
17017,42649
17019,45328
17021,41724
17023,43012
17025,40351
17027,48253
17029,40995
17031,62205
17033,48332
17035,43778
17037,40929
17039,47205
17041,51537
17043,72889
17045,42184
17047,40331
17049,50599
17051,35456
17053,52879
17055,37355
17057,38361
17059,44602
17061,36912
17063,51657
17065,43349
17067,46081
17069,37155
17071,41951
17073,45072
17075,43258
17077,37284
17079,45961
17081,39581
17083,41522
17085,49061
17087,35956
17089,51333
17091,41290
17093,49033
17095,39471
17097,78559
17099,44632
17101,29911
17103,41788
17105,44775
17107,38339
17109,38692
17111,55720
17113,49180
17115,48214
17117,41607
17119,46890
17121,43059
17123,46015
17125,42510
17127,38360
17129,47233
17131,45046
17133,58686
17135,37717
17137,41359
17139,62718
17141,46755
17143,51135
17145,38369
17147,54258
17149,42768
17151,30306
17153,36146
17155,58869
17157,36905
17159,42555
17161,44802
17163,45061
17165,39687
17167,48891
17169,44200
17171,42720
17173,41512
17175,42877
17177,42722
17179,47862
17181,42760
17183,39481
17185,43571
17187,41274
17189,51144
17191,41164
17193,49605
17195,44016
17197,52953
17199,44509
17201,43742
17203,52928
18001,39167
18003,46288
18005,49922
18007,42775
18009,37677
18011,73531
18013,46785
18015,44201
18017,38788
18019,43763
18021,38615
18023,39172
18025,33483
18027,42064
18029,47454
18031,42733
18033,44069
18035,37201
18037,56488
18039,46816
18041,40939
18043,55480
18045,41010
18047,46629
18049,41437
18051,45385
18053,40444
18055,39840
18057,74717
18059,50422
18061,41862
18063,49641
18065,38336
18067,41842
18069,42292
18071,42722
18073,43293
18075,39321
18077,41981
18079,38959
18081,48332
18083,44626
18085,47799
18087,42146
18089,45172
18091,42527
18093,40614
18095,38172
18097,51940
18099,41329
18101,39941
18103,35039
18105,42212
18107,40056
18109,44183
18111,39818
18113,39798
18115,40714
18117,38124
18119,40081
18121,36345
18123,37851
18125,40714
18127,53130
18129,48180
18131,43522
18133,37479
18135,38491
18137,41817
18139,46945
18141,47673
18143,37475
18145,43854
18147,43971
18149,35347
18151,43231
18153,35181
18155,30827
18157,39169
18159,46610
18161,38998
18163,45893
18165,39411
18167,38970
18169,43820
18171,45419
18173,56476
18175,38123
18177,41505
18179,42730
18181,43852
18183,44528
19001,51989
19003,66319
19005,45745
19007,38478
19009,48279
19011,53994
19013,44764
19015,49606
19017,49405
19019,46491
19021,50000
19023,49863
19025,51217
19027,54456
19029,48327
19031,53356
19033,53342
19035,62827
19037,58354
19039,43888
19041,51876
19043,50371
19045,44244
19047,41765
19049,66128
19051,36921
19053,35908
19055,51998
19057,50515
19059,58592
19061,49085
19063,43501
19065,44263
19067,46560
19069,51971
19071,45399
19073,48356
19075,53270
19077,52694
19079,53071
19081,54791
19083,52677
19085,44895
19087,43223
19089,48232
19091,50201
19093,52758
19095,55204
19097,45167
19099,43551
19101,42320
19103,52672
19105,43652
19107,44509
19109,52992
19111,42174
19113,52743
19115,41038
19117,42126
19119,60892
19121,49505
19123,43914
19125,48956
19127,43652
19129,56647
19131,63318
19133,48118
19135,43833
19137,42280
19139,47553
19141,59835
19143,57164
19145,41629
19147,53056
19149,57589
19151,52699
19153,53215
19155,45604
19157,46950
19159,45714
19161,56931
19163,54323
19165,50834
19167,56029
19169,41885
19171,46483
19173,41585
19175,40494
19177,41378
19179,39002
19181,50698
19183,57438
19185,43981
19187,45496
19189,44528
19191,50175
19193,43988
19195,42321
19197,56451
20001,40218
20003,38539
20005,37436
20007,42497
20009,48036
20011,42697
20013,43023
20015,46157
20017,46385
20019,40661
20021,39645
20023,47268
20025,62654
20027,42069
20029,38144
20031,54074
20033,45954
20035,38707
20037,37921
20039,46614
20041,40582
20043,37405
20045,43642
20047,52165
20049,40899
20051,46465
20053,43316
20055,43172
20057,38962
20059,42383
20061,48907
20063,58539
20065,49624
20067,46591
20069,66429
20071,59191
20073,42708
20075,63834
20077,47024
20079,42057
20081,52783
20083,49176
20085,41686
20087,44480
20089,48428
20091,74010
20093,56466
20095,42572
20097,44262
20099,42127
20101,93628
20103,42851
20105,41574
20107,37267
20109,47852
20111,38297
20113,51016
20115,41410
20117,45766
20119,64262
20121,48748
20123,54694
20125,37576
20127,42424
20129,43644
20131,54111
20133,39485
20135,57310
20137,42080
20139,40102
20141,46018
20143,41201
20145,39223
20147,51320
20149,52564
20151,47327
20153,55821
20155,41111
20157,44273
20159,42788
20161,42566
20163,42363
20165,44302
20167,44443
20169,49983
20171,69254
20173,53776
20175,38621
20177,46861
20179,50706
20181,45156
20183,45484
20185,44534
20187,63897
20189,38970
20191,40027
20193,45671
20195,50889
20197,50534
20199,56954
20201,45181
20203,70142
20205,43433
20207,35561
20209,33315
21001,31288
21003,32643
21005,39321
21007,37939
21009,36633
21011,30496
21013,29612
21015,48004
21017,44388
21019,39746
21021,37780
21023,36758
21025,33753
21027,34461
21029,40935
21031,34420
21033,35066
21035,35722
21037,49015
21039,43860
21041,36349
21043,30847
21045,31205
21047,37742
21049,39848
21051,30566
21053,31308
21055,35325
21057,35549
21059,41754
21061,32253
21063,22481
21065,31555
21067,50180
21069,33537
21071,36976
21073,41760
21075,33715
21077,32065
21079,34363
21081,36093
21083,38130
21085,33580
21087,34570
21089,40933
21091,36929
21093,43424
21095,30877
21097,34889
21099,32133
21101,39891
21103,37981
21105,44912
21107,39236
21109,28352
21111,51937
21113,43470
21115,32986
21117,57982
21119,30118
21121,29431
21123,36525
21125,33921
21127,31654
21129,30157
21131,32724
21133,30852
21135,31156
21137,31399
21139,37792
21141,36005
21143,36652
21145,48383
21147,25835
21149,41603
21151,35397
21153,30537
21155,36083
21157,41625
21159,29840
21161,40541
21163,40026
21165,30305
21167,37146
21169,31512
21171,36385
21173,34751
21175,26831
21177,33892
21179,42442
21181,33999
21183,33262
21185,63039
21187,33940
21189,31486
21191,43757
21193,38523
21195,36319
21197,31498
21199,37024
21201,32815
21203,31176
21205,30777
21207,34343
21209,43409
21211,45392
21213,38189
21215,43960
21217,35020
21219,38508
21221,36495
21223,36565
21225,33736
21227,38045
21229,37824
21231,28484
21233,39188
21235,33447
21237,31083
21239,51753
22001,37304
22003,33381
22005,49829
22007,46788
22009,37911
22011,42782
22013,38493
22015,44149
22017,48413
22019,48968
22021,33950
22023,50280
22025,33655
22027,35240
22029,32942
22031,40584
22033,51386
22035,36010
22037,42771
22039,33671
22041,31928
22043,31828
22045,39270
22047,41423
22049,34116
22051,51005
22053,42334
22055,50273
22057,47096
22059,32413
22061,40410
22063,40658
22065,32437
22067,38495
22069,39860
22071,52004
22073,41053
22075,49376
22077,44366
22079,46090
22081,42201
22083,37330
22085,34558
22087,32130
22089,49353
22091,41592
22093,48484
22095,40573
22097,41191
22099,37645
22101,39280
22103,62366
22105,38974
22107,36630
22109,41504
22111,38794
22113,39042
22115,40729
22117,33480
22119,40175
22121,46976
22123,36633
22125,38655
22127,36698
23001,41528
23003,41241
23005,62523
23007,38544
23009,51259
23011,44940
23013,52358
23015,50922
23017,37999
23019,42053
23021,38427
23023,51325
23025,38142
23027,40912
23029,40378
23031,52068
24001,40517
24003,67363
24005,61556
24009,62591
24011,45906
24013,63039
24015,47695
24017,57051
24019,46562
24021,61869
24023,45595
24025,58841
24027,78416
24029,61497
24031,89690
24033,49420
24035,64810
24037,56820
24039,31562
24041,73232
24043,47092
24045,42054
24047,60007
24510,51357
25001,74756
25003,56503
25005,54089
25007,93726
25009,67507
25011,54689
25013,51187
25015,52984
25017,83795
25019,124168
25021,92285
25023,67505
25025,81152
25027,57003
26001,38375
26003,33767
26005,45182
26007,40985
26009,47070
26011,37369
26013,33519
26015,44919
26017,41722
26019,43557
26021,47430
26023,37622
26025,40276
26027,44994
26029,52885
26031,40080
26033,34269
26035,34120
26037,46518
26039,34648
26041,40551
26043,49397
26045,42693
26047,57115
26049,41068
26051,36874
26053,39945
26055,50639
26057,37834
26059,36598
26061,37674
26063,45425
26065,40761
26067,35273
26069,37970
26071,44959
26073,35501
26075,39832
26077,48723
26079,34623
26081,53935
26083,47618
26085,31813
26087,43679
26089,67320
26091,39600
26093,58326
26095,31827
26097,44457
26099,46530
26101,38814
26103,40036
26105,41667
26107,34252
26109,43594
26111,60467
26113,34972
26115,47496
26117,34972
26119,37363
26121,39072
26123,38037
26125,72741
26127,37950
26129,35396
26131,40129
26133,36023
26135,33896
26137,40589
26139,49418
26141,39004
26143,37141
26145,38754
26147,44316
26149,38866
26151,38004
26153,39948
26155,39435
26157,37979
26159,41123
26161,59363
26163,42942
26165,36454
27001,39780
27003,51258
27005,47272
27007,41565
27009,43830
27011,57221
27013,44383
27015,52995
27017,43098
27019,71350
27021,47443
27023,49836
27025,48750
27027,43180
27029,44001
27031,55319
27033,47982
27035,45610
27037,60651
27039,47984
27041,53665
27043,43343
27045,45378
27047,45808
27049,53549
27051,52556
27053,74698
27055,52354
27057,43235
27059,44049
27061,43685
27063,53276
27065,42509
27067,54667
27069,55597
27071,41890
27073,55688
27075,48132
27077,57357
27079,48799
27081,48520
27083,49455
27085,49136
27087,36950
27089,51509
27091,50083
27093,43944
27095,41582
27097,42568
27099,48423
27101,54825
27103,49605
27105,45100
27107,44254
27109,58554
27111,48275
27113,55399
27115,37067
27117,58004
27119,48820
27121,52091
27123,54934
27125,51750
27127,49732
27129,51432
27131,44096
27133,51956
27135,51307
27137,47417
27139,59687
27141,47031
27143,46632
27145,47196
27147,47604
27149,49913
27151,51320
27153,42005
27155,61255
27157,48724
27159,39746
27161,44556
27163,67928
27165,42979
27167,59516
27169,50036
27171,50181
27173,57186
28001,33880
28003,36003
28005,33460
28007,33809
28009,30285
28011,38213
28013,33043
28015,37615
28017,34805
28019,33646
28021,31494
28023,36431
28025,39191
28027,33915
28029,33203
28031,35748
28033,40702
28035,38880
28037,33970
28039,32529
28041,28716
28043,35632
28045,35262
28047,37303
28049,39311
28051,28371
28053,31864
28055,18541
28057,34734
28059,37499
28061,37281
28063,33098
28065,30097
28067,38122
28069,29287
28071,42110
28073,40529
28075,37959
28077,34616
28079,31436
28081,41934
28083,36399
28085,38682
28087,38498
28089,64033
28091,34526
28093,32341
28095,34664
28097,34180
28099,36604
28101,34645
28103,32805
28105,34367
28107,32496
28109,36230
28111,31934
28113,31048
28115,32996
28117,30743
28119,27088
28121,44661
28123,32095
28125,32070
28127,37036
28129,35791
28131,31516
28133,30859
28135,27757
28137,35182
28139,33919
28141,33559
28143,32425
28145,32242
28147,31757
28149,39580
28151,37568
28153,34775
28155,38464
28157,29413
28159,35742
28161,36729
28163,27275
29001,33578
29003,45118
29005,42633
29007,40111
29009,34540
29011,35884
29013,38864
29015,35973
29017,32454
29019,47687
29021,39810
29023,35302
29025,37301
29027,38686
29029,38794
29031,46314
29033,45110
29035,32045
29037,47151
29039,31664
29041,42227
29043,40301
29045,34516
29047,48381
29049,42988
29051,47790
29053,38916
29055,36090
29057,34181
29059,33184
29061,34491
29063,28294
29065,33231
29067,28305
29069,34129
29071,45719
29073,40316
29075,41470
29077,44837
29079,34723
29081,38274
29083,43018
29085,27787
29087,45259
29089,38796
29091,34055
29093,34164
29095,47054
29097,39973
29099,42780
29101,36777
29103,32711
29105,36558
29107,42119
29109,34301
29111,35249
29113,40788
29115,40356
29117,39805
29119,28018
29121,42414
29123,36865
29125,33348
29127,41068
29129,32388
29131,35547
29133,32216
29135,37533
29137,42672
29139,40396
29141,42873
29143,33869
29145,39334
29147,31013
29149,28722
29151,45582
29153,30043
29155,32811
29157,41321
29159,37763
29161,39132
29163,34828
29165,58878
29167,33703
29169,40512
29171,33945
29173,40698
29175,39903
29177,42305
29179,35034
29181,30437
29183,53745
29185,29830
29186,41822
29187,34485
29189,71360
29195,38580
29197,29013
29199,33262
29201,40221
29203,30503
29205,40356
29207,37020
29209,38900
29211,37649
29213,35956
29215,28169
29217,35930
29219,41674
29221,29606
29223,29581
29225,32589
29227,35573
29229,32178
29510,47643
30001,44664
30003,30533
30005,31263
30007,39306
30009,47442
30011,44358
30013,47518
30015,37340
30017,44689
30019,48086
30021,45295
30023,39063
30025,49509
30027,43808
30029,47331
30031,54734
30033,36291
30035,34458
30037,49137
30039,43791
30041,45017
30043,47960
30045,50492
30047,39365
30049,48562
30051,40956
30053,35432
30055,42209
30057,49115
30059,46128
30061,39957
30063,49492
30065,43133
30067,48114
30069,35772
30071,39172
30073,42363
30075,32479
30077,39771
30079,44739
30081,44602
30083,61217
30085,34794
30087,42250
30089,34896
30091,52541
30093,48939
30095,51773
30097,44455
30099,44369
30101,45481
30103,48415
30105,46911
30107,35934
30109,50940
30111,52340
31001,49139
31003,46981
31005,46901
31007,58252
31009,45788
31011,54024
31013,47359
31015,55795
31017,51496
31019,54052
31021,50268
31023,47286
31025,53602
31027,52839
31029,49267
31031,45124
31033,48263
31035,47220
31037,43106
31039,58610
31041,44290
31043,41831
31045,37092
31047,43055
31049,44289
31051,44185
31053,47330
31055,63435
31057,53144
31059,57068
31061,47132
31063,44469
31065,49008
31067,49863
31069,40892
31071,43905
31073,52671
31075,42545
31077,45109
31079,43625
31081,54782
31083,48143
31085,45409
31087,37990
31089,51404
31091,52667
31093,41377
31095,48757
31097,37179
31099,56309
31101,45896
31103,58784
31105,44069
31107,48268
31109,49889
31111,46623
31113,37603
31115,45361
31117,45530
31119,50630
31121,47386
31123,49071
31125,38000
31127,48807
31129,50836
31131,53850
31133,48851
31135,55692
31137,52792
31139,57141
31141,49386
31143,51004
31145,46270
31147,48195
31149,49241
31151,43763
31153,50333
31155,52193
31157,44171
31159,49832
31161,47076
31163,44953
31165,42404
31167,48167
31169,57523
31171,53979
31173,41468
31175,45713
31177,56640
31179,44622
31181,48607
31183,72878
31185,49892
32001,43661
32003,47090
32005,75159
32007,46808
32009,40113
32011,39903
32013,46927
32015,63923
32017,36604
32019,38713
32021,38074
32023,37835
32027,32592
32029,59651
32031,59639
32033,44736
32510,50754
33001,61091
33003,58949
33005,51969
33007,43098
33009,60426
33011,61147
33013,57924
33015,73819
33017,50574
33019,51682
34001,48668
34003,85951
34005,62120
34007,54103
34009,60877
34011,40289
34013,67459
34015,54745
34017,65139
34019,89610
34021,69344
34023,61065
34025,79978
34027,98842
34029,52008
34031,50570
34033,48496
34035,106194
34037,61757
34039,68262
34041,56058
35001,44057
35003,32010
35005,40322
35006,28130
35007,39826
35009,44161
35011,39634
35013,36570
35015,54122
35017,41026
35019,32994
35021,38716
35023,41555
35025,44437
35027,41793
35028,70600
35029,31140
35031,27771
35033,35534
35035,34636
35037,38223
35039,34582
35041,39446
35043,41547
35045,35453
35047,34579
35049,58510
35051,38984
35053,34699
35055,38455
35057,30245
35059,32620
35061,33424
36001,61201
36003,34880
36005,37376
36007,44540
36009,39995
36011,42231
36013,40759
36015,44373
36017,41840
36019,44081
36021,55810
36023,40691
36025,39632
36027,56365
36029,51539
36031,45996
36033,37644
36035,43112
36037,43582
36039,47008
36041,54086
36043,41581
36045,46924
36047,52192
36049,43971
36051,45908
36053,44502
36055,52951
36057,41628
36059,89839
36061,193940
36063,45501
36065,44697
36067,52886
36069,53498
36071,51848
36073,38963
36075,40538
36077,43522
36079,65833
36081,49777
36083,49156
36085,56749
36087,60464
36089,37940
36091,67618
36093,50533
36095,40791
36097,42063
36099,38593
36101,45194
36103,68617
36105,46303
36107,45910
36109,45282
36111,50462
36113,52475
36115,40043
36117,46048
36119,108976
36121,39801
36123,39402
37001,39342
37003,37438
37005,37549
37007,34616
37009,36300
37011,36574
37013,41643
37015,34766
37017,34306
37019,42749
37021,48592
37023,35265
37025,45220
37027,35374
37029,45335
37031,49360
37033,35591
37035,45342
37037,63041
37039,32266
37041,40817
37043,34057
37045,37661
37047,32397
37049,43665
37051,38780
37053,45435
37055,56314
37057,39087
37059,47630
37061,33619
37063,50698
37065,34946
37067,48804
37069,36238
37071,41379
37073,36060
37075,33075
37077,38652
37079,32569
37081,45875
37083,36013
37085,34604
37087,40290
37089,43276
37091,32702
37093,31148
37095,43490
37097,50065
37099,32844
37101,39922
37103,38536
37105,40098
37107,40922
37109,45791
37111,34077
37113,40057
37115,34036
37117,34647
37119,61137
37121,35932
37123,35611
37125,51307
37127,42016
37129,45290
37131,34185
37133,46142
37135,67385
37137,43532
37139,39417
37141,35914
37143,40781
37145,38202
37147,41191
37149,45291
37151,37017
37153,35148
37155,29438
37157,37137
37159,38089
37161,32764
37163,35900
37165,33229
37167,39047
37169,36850
37171,38522
37173,38429
37175,42070
37177,30000
37179,51326
37181,35105
37183,59014
37185,30397
37187,36073
37189,36684
37191,38472
37193,36576
37195,40501
37197,37027
37199,36715
38001,59197
38003,55784
38005,34482
38007,74682
38009,58823
38011,60829
38013,63721
38015,58173
38017,56070
38019,68040
38021,52437
38023,48574
38025,60338
38027,54013
38029,49489
38031,62928
38033,43871
38035,51494
38037,38371
38039,55349
38041,51130
38043,50285
38045,56134
38047,60543
38049,52233
38051,59596
38053,62549
38055,54518
38057,57839
38059,52153
38061,58955
38063,60817
38065,48290
38067,50088
38069,52070
38071,47425
38073,55912
38075,60976
38077,53007
38079,36647
38081,65448
38083,35497
38085,27662
38087,49476
38089,61032
38091,63327
38093,54491
38095,53786
38097,51103
38099,48945
38101,55214
38103,55328
38105,68874
39001,34632
39003,42816
39005,38441
39007,38461
39009,33274
39011,49578
39013,42429
39015,37259
39017,47408
39019,39698
39021,41055
39023,40769
39025,53770
39027,45728
39029,38013
39031,34856
39033,38704
39035,54739
39037,42793
39039,41540
39041,74093
39043,62591
39045,46113
39047,38449
39049,50443
39051,45594
39053,39864
39055,69129
39057,50291
39059,39878
39061,59561
39063,51623
39065,33482
39067,38573
39069,45884
39071,36326
39073,38047
39075,45211
39077,40323
39079,35783
39081,39311
39083,42162
39085,50729
39087,38673
39089,46059
39091,42914
39093,46147
39095,46290
39097,41751
39099,43097
39101,38252
39103,55691
39105,34067
39107,51562
39109,47552
39111,34665
39113,46891
39115,33180
39117,38666
39119,40614
39121,27211
39123,51637
39125,41032
39127,37187
39129,41131
39131,37443
39133,44055
39135,40607
39137,50059
39139,39234
39141,36941
39143,41624
39145,39080
39147,39681
39149,46188
39151,45136
39153,51036
39155,41363
39157,43358
39159,55470
39161,42638
39163,33120
39165,59799
39167,43396
39169,44039
39171,41712
39173,47694
39175,45588
40001,28862
40003,40624
40005,32379
40007,49106
40009,37948
40011,41493
40013,34575
40015,35239
40017,44878
40019,43079
40021,32290
40023,31885
40025,60706
40027,45094
40029,33783
40031,41497
40033,41766
40035,35718
40037,40791
40039,41652
40041,31188
40043,44529
40045,51570
40047,44465
40049,38135
40051,39675
40053,45182
40055,26344
40057,35642
40059,46436
40061,32365
40063,31833
40065,38527
40067,32083
40069,36611
40071,40881
40073,49257
40075,32546
40077,32707
40079,32677
40081,35653
40083,43169
40085,37547
40087,45143
40089,31648
40091,33267
40093,43762
40095,32681
40097,35197
40099,42289
40101,36759
40103,41401
40105,36165
40107,30092
40109,52168
40111,33971
40113,34971
40115,35746
40117,35836
40119,37159
40121,38551
40123,43148
40125,37456
40127,31395
40129,48554
40131,45815
40133,34054
40135,33420
40137,41413
40139,46597
40141,39961
40143,62756
40145,39550
40147,64481
40149,36490
40151,42890
40153,43906
41001,40699
41003,47019
41005,58608
41007,45069
41009,44312
41011,43620
41013,40945
41015,42657
41017,55143
41019,40408
41021,48448
41023,41939
41025,39122
41027,56624
41029,46603
41031,32962
41033,40977
41035,39891
41037,39797
41039,45919
41041,44119
41043,42891
41045,30992
41047,43042
41049,39095
41051,57850
41053,41379
41055,52296
41057,44492
41059,39684
41061,40547
41063,45099
41065,43658
41067,60971
41069,37142
41071,45478
42001,49173
42003,62958
42005,45510
42007,48763
42009,42889
42011,49945
42013,46743
42015,41331
42017,73447
42019,58927
42021,43420
42023,48651
42025,50322
42027,46193
42029,82846
42031,41732
42033,44421
42035,39716
42037,42211
42039,40969
42041,55141
42043,51100
42045,66617
42047,48886
42049,44903
42051,42649
42053,22787
42055,46403
42057,45522
42059,44751
42061,38558
42063,39923
42065,44136
42067,45277
42069,47730
42071,52664
42073,43929
42075,48352
42077,53614
42079,45219
42081,43823
42083,45261
42085,43024
42087,39738
42089,42722
42091,80606
42093,57426
42095,54859
42097,41712
42099,44693
42101,55747
42103,47864
42105,42819
42107,42862
42109,42449
42111,42179
42113,46097
42115,45336
42117,41039
42119,41246
42121,42223
42123,42875
42125,59568
42127,43996
42129,52200
42131,45285
42133,50113
44001,78805
44003,59665
44005,68679
44007,48137
44009,64158
45001,34108
45003,42511
45005,33237
45007,39710
45009,32858
45011,33363
45013,56711
45015,40415
45017,38451
45019,61477
45021,33197
45023,34014
45025,31012
45027,33197
45029,35697
45031,37475
45033,27718
45035,38892
45037,36436
45039,36758
45041,41833
45043,47071
45045,48644
45047,37424
45049,32473
45051,37091
45053,29242
45055,41227
45057,49127
45059,34622
45061,32708
45063,46513
45065,38513
45067,31492
45069,31562
45071,37793
45073,43312
45075,33818
45077,38344
45079,45529
45081,34455
45083,43148
45085,38603
45087,32745
45089,32726
45091,46667
46003,45253
46005,49246
46007,29462
46009,38851
46011,46302
46013,52652
46015,46570
46017,23341
46019,38639
46021,50232
46023,44877
46025,48261
46027,39485
46029,49518
46031,29927
46033,48334
46035,50794
46037,47352
46039,51766
46041,35720
46043,57808
46045,52029
46047,46885
46049,42762
46051,57069
46053,48209
46055,49880
46057,44209
46059,55673
46061,66614
46063,51036
46065,52986
46067,53179
46069,52133
46071,26835
46073,54425
46075,60001
46077,50975
46079,52401
46081,50232
46083,67364
46085,47431
46087,52453
46089,38625
46091,48721
46093,43015
46095,28152
46097,52938
46099,57223
46101,49690
46102,25047
46103,51369
46105,42195
46107,70768
46109,36929
46111,48731
46115,52479
46117,73776
46119,76036
46121,25157
46123,49835
46125,62019
46127,107497
46129,45924
46135,50275
46137,20571
47001,41853
47003,37266
47005,33661
47007,26281
47009,42991
47011,39099
47013,33967
47015,36113
47017,35900
47019,34579
47021,43932
47023,33642
47025,35384
47027,31013
47029,31942
47031,38656
47033,36560
47035,36613
47037,66060
47039,42639
47041,40132
47043,40556
47045,40642
47047,55364
47049,32232
47051,38880
47053,38654
47055,38766
47057,33490
47059,39971
47061,31011
47063,36636
47065,51743
47067,27042
47069,29430
47071,39387
47073,34188
47075,32023
47077,35748
47079,41989
47081,32780
47083,32822
47085,38665
47087,31189
47089,35866
47091,32249
47093,49738
47095,23230
47097,29187
47099,35252
47101,34432
47103,41388
47105,48491
47107,35897
47109,32573
47111,33297
47113,42720
47115,38450
47117,37550
47119,42696
47121,33526
47123,33338
47125,41031
47127,41276
47129,29380
47131,40666
47133,33701
47135,34268
47137,39686
47139,33772
47141,39509
47143,34147
47145,40980
47147,42104
47149,41031
47151,29758
47153,38003
47155,39474
47157,49465
47159,37742
47161,39853
47163,42606
47165,48656
47167,38547
47169,30090
47171,37423
47173,31693
47175,30770
47177,33970
47179,43299
47181,28962
47183,37316
47185,32477
47187,94872
47189,49092
48001,34242
48003,50011
48005,38897
48007,48389
48009,50310
48011,47995
48013,36660
48015,50702
48017,42507
48019,43459
48021,36561
48023,41704
48025,28457
48027,42773
48029,46058
48031,51968
48033,63756
48035,41592
48037,40010
48039,47239
48041,39216
48043,45652
48045,35243
48047,33861
48049,38830
48051,42629
48053,46516
48055,33668
48057,38668
48059,39392
48061,28756
48063,38660
48065,46373
48067,36905
48069,42786
48071,53673
48073,34468
48075,30084
48077,42335
48079,38312
48081,41895
48083,40669
48085,65874
48087,33039
48089,46821
48091,58067
48093,42465
48095,19801
48097,54174
48099,33996
48101,57288
48103,47758
48105,41472
48107,30773
48109,54180
48111,52148
48113,58993
48115,37111
48117,40470
48119,34803
48121,55933
48123,54549
48125,31586
48127,36639
48129,45736
48131,36418
48133,71142
48135,47271
48137,35182
48139,44313
48141,35856
48143,39572
48145,34619
48147,37605
48149,53564
48151,46444
48153,37367
48155,42954
48157,57540
48159,39730
48161,37066
48163,27545
48165,36009
48167,51785
48169,30072
48171,60561
48173,102145
48175,43858
48177,43342
48179,44002
48181,42195
48183,45401
48185,35450
48187,44809
48189,32263
48191,30180
48193,60744
48195,62998
48197,38212
48199,45982
48201,56474
48203,41917
48205,62463
48207,34530
48209,43719
48211,58484
48213,39627
48215,26410
48217,39205
48219,38975
48221,50741
48223,39120
48225,38081
48227,40255
48229,32472
48231,38029
48233,41550
48235,68327
48237,44061
48239,41770
48241,40803
48243,42947
48245,44065
48247,30696
48249,40570
48251,41697
48253,30559
48255,49593
48257,42837
48259,84270
48261,43561
48263,54858
48265,50150
48267,43309
48269,55661
48271,30431
48273,38997
48275,38457
48277,40763
48279,38247
48281,49457
48283,35809
48285,50919
48287,46713
48289,40388
48291,37237
48293,35771
48295,64757
48297,35636
48299,47476
48301,56730
48303,42569
48305,33119
48307,37927
48309,41254
48311,72150
48313,30435
48315,38063
48317,56021
48319,44601
48321,40596
48323,30505
48325,39403
48327,35311
48329,124455
48331,36135
48333,37153
48335,31913
48337,42074
48339,63605
48341,41275
48343,43421
48345,28938
48347,37755
48349,37922
48351,33350
48353,43087
48355,44378
48357,57287
48359,49120
48361,44938
48363,39125
48365,43508
48367,53289
48369,44981
48371,36584
48373,39438
48375,43945
48377,42848
48379,33602
48381,47966
48383,48253
48385,34687
48387,40648
48389,39418
48391,42606
48393,41971
48395,40394
48397,61003
48399,39816
48401,36485
48403,34631
48405,39879
48407,34514
48409,43945
48411,41233
48413,40136
48415,42095
48417,130461
48419,41666
48421,49508
48423,55229
48425,45756
48427,26316
48429,39289
48431,58174
48433,53416
48435,61478
48437,41977
48439,51239
48441,45333
48443,48024
48445,32062
48447,35941
48449,34718
48451,45993
48453,67504
48455,34514
48457,32081
48459,36645
48461,44545
48463,39458
48465,36554
48467,38200
48469,46142
48471,28016
48473,39995
48475,49916
48477,52265
48479,31635
48481,41473
48483,41801
48485,43170
48487,42041
48489,28593
48491,50776
48493,44255
48495,57584
48497,43752
48499,38152
48501,41112
48503,50231
48505,28294
48507,29202
49001,33739
49003,37390
49005,38974
49007,38499
49009,41157
49011,46286
49013,36709
49015,33145
49017,36688
49019,54010
49021,32197
49023,36087
49025,40257
49027,35196
49029,52426
49031,33716
49033,35436
49035,52639
49037,26638
49039,29209
49041,34117
49043,131606
49045,36836
49047,31563
49049,40919
49051,53285
49053,38847
49055,39096
49057,41853
50001,51805
50003,54458
50005,41246
50007,60914
50009,36008
50011,46220
50013,59204
50015,53953
50017,47170
50019,43542
50021,52343
50023,60255
50025,50925
50027,58116
51001,42764
51007,44774
51009,37160
51011,38302
51013,95198
51017,61628
51019,46707
51021,37321
51023,50274
51025,32682
51027,36229
51029,30704
51033,41781
51036,45824
51037,35970
51041,53695
51043,67111
51045,38185
51047,46510
51049,38698
51051,32354
51057,42334
51061,70787
51063,38903
51065,44693
51067,40781
51071,40117
51073,50502
51075,100545
51077,33013
51079,44383
51083,37329
51085,60259
51087,66836
51091,46113
51093,55308
51097,43361
51099,53000
51101,46612
51103,60152
51105,30303
51107,78070
51109,42476
51111,33755
51113,48822
51115,56088
51117,37240
51119,51213
51125,50717
51127,70743
51131,49313
51133,52946
51135,34897
51137,49010
51139,39109
51141,34070
51145,56607
51147,31890
51155,40443
51157,65538
51159,36799
51167,33498
51169,33769
51171,45387
51173,36955
51179,55076
51181,46413
51183,31378
51185,38888
51187,46743
51193,43166
51197,35608
51510,88008
51550,50529
51650,43547
51700,43501
51710,41822
51740,41169
51760,56306
51770,43451
51800,51798
51810,58308
51901,74613
51903,40061
51907,44316
51911,37719
51913,36023
51918,40352
51919,82441
51921,50802
51923,32391
51929,39367
51931,65906
51933,37759
51939,38497
51941,38779
51942,54740
51944,52248
51945,40320
51947,39721
51949,42381
51951,50790
51953,40912
51955,32988
51958,59113
53001,42800
53003,47104
53005,47465
53007,54763
53009,46120
53011,53423
53013,50073
53015,44990
53017,41508
53019,36071
53021,37390
53023,44510
53025,39789
53027,40429
53029,55724
53031,52580
53033,90438
53035,56244
53037,42603
53039,48654
53041,43453
53043,46312
53045,42767
53047,42462
53049,41740
53051,41664
53053,52114
53055,76749
53057,53060
53059,45802
53061,55888
53063,46466
53065,39505
53067,51684
53069,42423
53071,46144
53073,48792
53075,40935
53077,43379
54001,32290
54003,41201
54005,33592
54007,31594
54009,41740
54011,42939
54013,30155
54015,30925
54017,28862
54019,34577
54021,28917
54023,36691
54025,38098
54027,35068
54029,42128
54031,34150
54033,48226
54035,38147
54037,49926
54039,48435
54041,40653
54043,30549
54045,36525
54047,30451
54049,41980
54051,41028
54053,33318
54055,37452
54057,38815
54059,32051
54061,44679
54063,30359
54065,34533
54067,34102
54069,65100
54071,35140
54073,43883
54075,38172
54077,35686
54079,46941
54081,41115
54083,36533
54085,37177
54087,34770
54089,32879
54091,40675
54093,41322
54095,37336
54097,33261
54099,33637
54101,27816
54103,36791
54105,32156
54107,42669
54109,30510
55001,38736
55003,41106
55005,49431
55007,48542
55009,52821
55011,44756
55013,42706
55015,50776
55017,46162
55019,40228
55021,51147
55023,41485
55025,61304
55027,44799
55029,63178
55031,43004
55033,39948
55035,48240
55037,54346
55039,48126
55041,41517
55043,43310
55045,51026
55047,46152
55049,48073
55051,51471
55053,46528
55055,46241
55057,37898
55059,46874
55061,46197
55063,50107
55065,43042
55067,43223
55069,45766
55071,47675
55073,50111
55075,44014
55077,41182
55078,30371
55079,47589
55081,41779
55083,45609
55085,51715
55087,51230
55089,83992
55091,47961
55093,45936
55095,46514
55097,45886
55099,45320
55101,49749
55103,43233
55105,44204
55107,44199
55109,55543
55111,48365
55113,45915
55117,52851
55119,39051
55121,44698
55123,40356
55125,53983
55127,50023
55129,47218
55131,58601
55133,72650
55135,45629
55137,41204
55139,48101
55141,46743
56001,40444
56003,36903
56005,52824
56007,58372
56009,55011
56011,46081
56013,43633
56015,43348
56017,55232
56019,51314
56021,52039
56023,43049
56025,69379
56027,51357
56029,54308
56031,48442
56033,58223
56035,51361
56037,53145
56039,251728
56041,40280
56043,48184
56045,44737
